<?xml version="1.0" encoding="UTF-8"?>
<project-private xmlns="http://www.netbeans.org/ns/project-private/1">
    <editor-bookmarks xmlns="http://www.netbeans.org/ns/editor-bookmarks/2" lastBookmarkId="0"/>
    <open-files xmlns="http://www.netbeans.org/ns/projectui-open-files/2">
        <group>
            <file>file:/C:/Users/Matheus/Desktop/nick/UNIP/3SEM%20-%20Orientação%20a%20Objetos/APS/src/modelo/AbsPropriedades.java</file>
            <file>file:/C:/Users/Matheus/Desktop/nick/UNIP/3SEM%20-%20Orientação%20a%20Objetos/APS/src/modelo/Controle.java</file>
            <file>file:/C:/Users/Matheus/Desktop/nick/UNIP/3SEM%20-%20Orientação%20a%20Objetos/APS/src/apresentacao/frmTeclado.java</file>
            <file>file:/C:/Users/Matheus/Desktop/nick/UNIP/3SEM%20-%20Orientação%20a%20Objetos/APS/src/modelo/Estaticos.java</file>
            <file>file:/C:/Users/Matheus/Desktop/nick/UNIP/3SEM%20-%20Orientação%20a%20Objetos/APS/src/apresentacao/frmResumo.java</file>
            <file>file:/C:/Users/Matheus/Desktop/nick/UNIP/3SEM%20-%20Orientação%20a%20Objetos/APS/src/modelo/Validacao.java</file>
            <file>file:/C:/Users/Matheus/Desktop/nick/UNIP/3SEM%20-%20Orientação%20a%20Objetos/APS/src/modelo/IMetodos.java</file>
            <file>file:/C:/Users/Matheus/Desktop/nick/UNIP/3SEM%20-%20Orientação%20a%20Objetos/APS/src/apresentacao/frmAvaliacao.java</file>
            <file>file:/C:/Users/Matheus/Desktop/nick/UNIP/3SEM%20-%20Orientação%20a%20Objetos/APS/src/apresentacao/frmNumerico.java</file>
        </group>
    </open-files>
</project-private>
